{
    "keep": {
        "days": true,
        "amount": 7
    },
    "auditLog": "/usr/src/app/logs/.b70026c196dfe0bd612f9731659e8790ad916a70-audit.json",
    "files": [
        {
            "date": 1731296616843,
            "name": "/usr/src/app/logs/2024-11-11.log",
            "hash": "711a81a394c5109bc2185bb02362a0511b837d862698904d55b9f21f8181f1d6"
        },
        {
            "date": 1731397914905,
            "name": "/usr/src/app/logs/2024-11-12.log",
            "hash": "454144bd7a5c8f5d0e69512aba9f201fba175df83ddac33ba28d8d4d70092d64"
        },
        {
            "date": 1731457455565,
            "name": "/usr/src/app/logs/2024-11-13.log",
            "hash": "831ee3ddc37008a6c39049fd6a48711aff7d919cbf9347234e6b61f982d1e9a2"
        },
        {
            "date": 1731598565680,
            "name": "/usr/src/app/logs/2024-11-14.log",
            "hash": "c2fe0cf6ba4d54145129da9d51bf6ada263f4e26f7297207b5b35223cd8508ea"
        },
        {
            "date": 1731648880412,
            "name": "/usr/src/app/logs/2024-11-15.log",
            "hash": "2b6fcd3c5607b6887e240a7a76d356ef95711a06ecfd8e1628842d8faaaeb488"
        },
        {
            "date": 1731759856612,
            "name": "/usr/src/app/logs/2024-11-16.log",
            "hash": "e6baba0f63b6a8adca8ca45fe0f96872a5bc3aac3bdd4a866447fa45f8ab7e99"
        }
    ],
    "hashType": "sha256"
}