{
    "keep": {
        "days": true,
        "amount": 7
    },
    "auditLog": "/usr/src/app/logs/.f9d63d58145beee918f260823cf1c3e36bf59b69-audit.json",
    "files": [
        {
            "date": 1731296616872,
            "name": "/usr/src/app/logs/2024-11-11.log",
            "hash": "bae44eb4da41bb5ffbf5b7d5e15058a88d6179122dd745165ad1eb09f4a9ccac"
        },
        {
            "date": 1731397914931,
            "name": "/usr/src/app/logs/2024-11-12.log",
            "hash": "95d2bf4e164b787175f210a7a8576dcd66183087a76eba776adb41c549c0ff12"
        },
        {
            "date": 1731457455585,
            "name": "/usr/src/app/logs/2024-11-13.log",
            "hash": "fc50acae4842656269a4e042003c68844b503d2b97009b84e76c5b27d4ac1aa9"
        },
        {
            "date": 1731598565748,
            "name": "/usr/src/app/logs/2024-11-14.log",
            "hash": "64a561c00dca0d414a5c6603ffef4bbf5d6b39962ed1c4a0d28064a73cf8eace"
        },
        {
            "date": 1731648880477,
            "name": "/usr/src/app/logs/2024-11-15.log",
            "hash": "4ad7d54b5e44a8debc7ebee0d7409198b91ccde4bc0b9b8d2ca1f837a616ba2a"
        },
        {
            "date": 1731759856642,
            "name": "/usr/src/app/logs/2024-11-16.log",
            "hash": "949cff2ea132ed5a66dff8a51f15dbea82e958b6675149a555ede76272bc2d77"
        }
    ],
    "hashType": "sha256"
}