{
    "keep": {
        "days": true,
        "amount": 7
    },
    "auditLog": "/usr/src/app/logs/.f9d63d58145beee918f260823cf1c3e36bf59b69-audit.json",
    "files": [
        {
            "date": 1731397914931,
            "name": "/usr/src/app/logs/2024-11-12.log",
            "hash": "95d2bf4e164b787175f210a7a8576dcd66183087a76eba776adb41c549c0ff12"
        },
        {
            "date": 1731457455585,
            "name": "/usr/src/app/logs/2024-11-13.log",
            "hash": "fc50acae4842656269a4e042003c68844b503d2b97009b84e76c5b27d4ac1aa9"
        },
        {
            "date": 1731598565748,
            "name": "/usr/src/app/logs/2024-11-14.log",
            "hash": "64a561c00dca0d414a5c6603ffef4bbf5d6b39962ed1c4a0d28064a73cf8eace"
        },
        {
            "date": 1731648880477,
            "name": "/usr/src/app/logs/2024-11-15.log",
            "hash": "4ad7d54b5e44a8debc7ebee0d7409198b91ccde4bc0b9b8d2ca1f837a616ba2a"
        },
        {
            "date": 1731759856642,
            "name": "/usr/src/app/logs/2024-11-16.log",
            "hash": "949cff2ea132ed5a66dff8a51f15dbea82e958b6675149a555ede76272bc2d77"
        },
        {
            "date": 1731827818797,
            "name": "/usr/src/app/logs/2024-11-17.log",
            "hash": "a4ac4dcc12d3b8d41c4b2287ac5278b406c5fe339fc1c2c64464eed992a19d2d"
        },
        {
            "date": 1731915959319,
            "name": "/usr/src/app/logs/2024-11-18.log",
            "hash": "05b2bd0fded937074618645066b9f285d48ef09fa1fb3abc7a4303889145e7b4"
        }
    ],
    "hashType": "sha256"
}